"","oat_stand_1_m2_6.2.23","pea_stand_1_m2_6.2.23","oat_stand_2_m2_6.2.23","pea_stand_2_m2_6.2.23","oat_stand_3_m2_6.2.23","pea_stand_3_m2_6.2.23","pea_height_1_6.13.23","oat_height_1_6.13.23","pea_height_2_6.13.23","oat_height_2_6.13.23","pea_height_3_6.13.23","oat_height_3_6.13.23","pea_height_1_6.29.23","oat_height_1_6.29.23","pea_height_2_6.29.23","oat_height_2_6.29.23","pea_height_3_6.29.23","oat_height_3_6.29.23","pea_height_1_7.5.23","oat_height_1_7.5.23","pea_height_2_7.5.23","oat_height_2_7.5.23","pea_height_3_7.5.23","oat_height_3_7.5.23","pea_height_1_7.19.23","oat_height_1_7.19.23","pea_height_2_7.19.23","oat_height_2_7.19.23","pea_height_3_7.19.23","oat_height_3_7.19.23","lodging_6.30.23","lodging_7.5.23","lodging_8.9.23","pea_height_1_7.27.23","oat_height_1_7.27.23","pea_height_2_7.27.23","oat_height_2_7.27.23","pea_height_3_7.27.23","oat_height_3_7.27.23","pea_flowering_6.13.23","oat_ear_emergence_6.13.23","pea_flowering_6.20.2023","pea_fruit_6.20.2023","oat_ear_emergence_6.20.2023","pea_maturity_7.10.23","oat_maturity_7.10.23","pea_maturity_7.19.23","oat_maturity_7.19.23","pea_maturity_7.25.23","oat_maturity_7.25.23","pea_biomass_1_6.6.23","oat_biomass_1_6.6.23","pea_biomass_3_6.6.23","oat_biomass_3_6.6.23","pea_biomass_1_6.21.23","oat_biomass_1_6.21.23","pea_biomass_3_6.21.23","oat_biomass_3_6.21.23","pea_biomass_1_7.11.23","oat_biomass_1_7.11.23","pea_biomass_3_7.11.23","oat_biomass_3_7.11.23","pea_biomass_1_8.2.23","oat_biomass_1_8.2.23","pea_biomass_3_8.2.23","oat_biomass_3_8.2.23","pea_grain_g_8.9.23","oat_grain_g_8.9.23"
"oat_stand_1_m2_6.2.23",1,0.26480417003928,0.243649483402469,0.0583391350605542,-0.0594103782754905,-0.0421050546870096,0.0584610649864454,0.0889321864235816,0.072995054116461,-0.0218528278202272,-0.0943111859893295,-0.0268100187772608,-0.0274273826694525,-0.12047252997968,-0.107642816985323,-0.20995722052882,-0.042942432821631,-0.200844844325724,-0.112486326421415,-0.237153666165747,-0.137664875422594,-0.187635793741076,-0.0100809119222938,-0.179411593366233,-0.125828743381184,-0.192731769402453,-0.12065851456972,-0.145418383224624,-0.00877408206646511,-0.160163656045881,0.0353074026071158,0.105926489405454,-0.00760637748949655,-0.115871565914888,-0.184602392576904,-0.0898464825349633,-0.151902127915757,0.0431099166461353,-0.112267758404425,0.0872614623819398,0.283222396199296,0.0652896774716928,0.0497067890206632,0.0894677578648347,0.0455601385395558,0.165794596602681,0.102556985522226,0.25383523071256,0.0897777861620586,0.142973319591691,0.158767107608831,0.445905192413285,-0.501670944991434,-0.411288690509074,0.358780026746259,0.413059759826345,-0.27688206805307,-0.111000625401035,-0.0562219733262102,0.377190853575585,-0.474652306669398,-0.0593257045982898,0.127551763788412,-0.151567137380517,-0.126524737253343,-0.276288190952149,0.0529216327213892,-0.014936485022576
"pea_stand_1_m2_6.2.23",0.26480417003928,1,0.0813065834568677,0.103026510399282,0.00414937998856716,-0.145534092784133,0.246188692793468,0.179896688615287,0.0566269998913936,-0.038070792300764,0.0224068128071972,-0.117479742110296,-0.0655423842428794,-0.0158345290189338,-0.141562574252132,-0.0468959534820729,-0.123883363149749,-0.034502245948888,-0.117648540083642,-0.0903059628592349,-0.178721488344733,-0.0214310741444306,-0.119596739065972,0.0734701066670286,-0.00415061798430794,-0.0445739423492372,0.0199235877355714,0.0497982941440124,0.0406838207941377,0.0988306836960226,0.0924232744244122,-0.0152446758995426,-0.103828004583686,-0.0976203082871952,-0.112528000745742,0.0340857769120546,-0.00826565794346445,0.111308690858853,0.0885341579024393,0.112115007464035,-0.101271686050198,0.218296259026537,0.0813358417685207,0.0196276016361654,0.0817993125536472,-0.0412177921729367,0.180511064028492,-0.0282783163239613,0.137724725904755,0.110548861449553,0.481856022521773,0.0441317999325766,-0.266631092143119,-0.0531005896990376,0.337620618582963,0.204664170152509,-0.0750428275888421,-0.3915145123031,0.566576803261636,-0.517226177555824,0.0284825891905506,0.0208324100063104,-0.03499850097256,-0.157169304164845,-0.176877589845083,0.33127814585684,-0.210208242562582,-0.0214600903251239
"oat_stand_2_m2_6.2.23",0.243649483402469,0.0813065834568677,1,0.0160677805023581,0.332197831077456,0.144652972695349,0.0381843936172832,-0.0131574046456143,0.00354374618234258,0.0876672399707141,-0.0040945300377751,0.0898831488660571,0.0649289911029728,-0.0172852161994374,0.01589965925518,0.00630348342343643,0.047396693128772,-0.00786993062229068,0.111065989056952,0.00172881029427943,-0.0138237218131658,0.0108057256640121,0.0351682441322684,-0.046364230218594,-0.0792495227924209,-0.0240875397513194,-0.0499280619898636,0.0309755643828652,-0.0597760473224409,-0.0691986125437258,-0.030409709727255,0.0417056212691653,0.0560333626858952,0.0111492877849765,0.000165859644746255,0.0050461842631324,0.015388484312883,-0.0565351388387202,-0.0627234095986096,0.00450737919830309,0.290535292561288,0.0153477044551247,0.0185661099125617,0.00709450866075739,-0.0636720370242994,0.295503065761092,-0.0655618112251032,0.12538810482465,0.0208657395208171,0.0188392188732871,-0.0692144496579603,-0.0752064232257979,0.0115844668955338,0.100598685028025,-0.0524591899706173,0.170271502157397,-0.188984772473889,0.178616949775622,-0.142056989112975,0.0527452603232954,0.315364818563837,-0.324671275806211,0.135464175806652,0.00137698828898223,-0.257183386830943,-0.047663214361338,-0.195137177247947,0.262373594239348
"pea_stand_2_m2_6.2.23",0.0583391350605542,0.103026510399282,0.0160677805023581,1,0.17497507002159,0.436126593617943,0.125319333723397,-0.00700771251013269,0.136522090772739,0.0903033751371972,0.0540253593622465,-0.0136992205095239,0.0118662495134085,0.0645699145720259,-0.0978635373308598,0.0064095421241093,-0.0977601845430924,-0.0444054576800065,-0.0103816411033218,0.135761743642526,-0.0409679151080722,0.0647388283571527,-0.0837128935300622,0.122036825232806,0.143427261811931,0.0542948307620755,0.107335462662485,0.147573232189391,0.183745421424531,0.145193586089233,-0.20293387469601,-0.198384562118887,-0.202272114880387,0.0862484895949275,-0.0351245484354236,0.131826099566132,0.112722625488128,0.167673375940947,0.122162940541706,0.121243986144607,-0.0521058950975899,0.202444760334617,0.157279532130655,-0.0510982931948232,0.118549777464667,0.0191206947954048,0.184142878228726,0.00575749935550265,0.162762826721807,0.00776149003150576,0.167281350533965,-0.10224688722315,0.374893491899426,0.0287667290112797,0.156726630509457,0.050411705504073,0.192171643067601,0.0266727706599432,-0.019987953102799,-0.101259664675558,-0.00632841029219351,0.231136823922922,-0.218765624321148,0.106999326324693,0.403083966486707,-0.230995859472847,0.192169796760463,-0.146855583564765
"oat_stand_3_m2_6.2.23",-0.0594103782754905,0.00414937998856716,0.332197831077456,0.17497507002159,1,0.198296922598199,0.140736452937554,0.0830597914397832,-0.00951042598198135,0.103547719096278,-0.0907424314490742,0.234119126832735,0.0438004051041589,0.0587007722082913,-0.0238200187200803,0.151699430223974,-0.0895927252653856,0.187728119614647,0.0254285658874064,0.0573014109713425,-0.051941766095503,0.0905352067556859,-0.0735512189755459,0.0813518112964031,0.00752187791526962,0.069192030428777,-0.0711149397678899,0.0915701944268983,-0.0143873118101656,0.0751470355863379,0.0521841291366749,0.00317318552480788,-0.0190551925515027,0.0911436499992749,0.0663887370350024,-0.0488063140929905,0.111788028659108,0.0154241056804051,0.100469027381157,-0.0855151195269894,0.0557635312480034,0.0362408142962388,0.00378107818680661,-0.0798398267007415,0.0558568356693411,0.0311293966002312,0.0619929116816996,0.087976763565386,0.0509993623864482,0.042536039024223,-0.224887573343102,-0.434843104319761,0.209021421738981,0.644169626055341,-0.132594576505995,-0.439293976448934,-0.250522097682099,0.74594252113604,-0.0532349249113136,0.178698404758367,0.11544085720118,0.507297950547333,0.158344848310034,0.0452049020817461,-0.0277493219834219,0.0993051387884503,-0.127734576109596,0.145029911238291
"pea_stand_3_m2_6.2.23",-0.0421050546870096,-0.145534092784133,0.144652972695349,0.436126593617943,0.198296922598199,1,-0.0336701599113215,-0.0010528173729918,0.0920461531339907,0.193506203743224,0.126017422585543,0.144033485526218,-0.088012268331874,0.063688569442296,0.00380539271420841,0.0765278456896567,-0.0683233137933512,-0.0170670195933027,-0.0011296396788399,0.152627885568967,-0.0106532330942849,-0.000426351319257199,-0.0781577847455786,-4.52377862252267e-05,0.0686264775805263,0.0251258491645214,0.121172232342214,0.0799522515016364,0.0272553164977685,0.0256147340785908,-0.174747482160401,-0.0294005310788443,-0.0349875681869714,0.075539544660442,0.0347441064719477,0.094270120210112,0.0580995585202282,-0.0205816552819048,0.0477814723609307,0.0126339069312746,0.0387248587790713,0.182331114649371,0.0609947397047015,-0.0554229707005584,0.117384350537943,0.0794498883901277,0.085715945484137,-0.119929687854946,0.0636061755389588,-0.0407931758749926,0.0678824505671824,-0.115035343425782,0.539989033029909,0.0338227476694922,-0.267519896393228,-0.133066656937563,0.254682101898249,0.228665130759294,-0.284384852950928,0.269555716091999,0.310116454992232,-0.117031553179234,-0.201269753296597,0.137538309182734,0.269712286289305,-0.366377396880387,-0.00743822215093515,-0.0512553128980974
"pea_height_1_6.13.23",0.0584610649864454,0.246188692793468,0.0381843936172832,0.125319333723397,0.140736452937554,-0.0336701599113215,1,0.371695477941526,0.686511047595875,0.186487831982269,0.558845082281854,-0.0032690368945919,0.0315089080918999,-0.164121344919989,0.285029995519878,-0.2540681797705,0.130070194659677,-0.333810418736797,0.0294609664936194,-0.277017271808653,0.0662503591435459,-0.328734504789001,0.0637155372460733,-0.333105560968716,-0.0390619674183631,-0.347443025795267,0.0576217105530484,-0.285430390275384,-0.0262672075212301,-0.230432897494755,0.439678208525153,0.400526992293691,0.302820190510866,-0.39668178104353,-0.446951458515519,-0.114447050475191,-0.354205483179666,-0.0158082741113107,-0.207360040791068,-0.197302275114515,0.0675023023923364,0.529693861125633,-0.113981783587051,-0.0228726809759156,-0.22308046418566,-0.218372099449102,0.158389120713411,-0.0813174024761439,0.383652756743835,0.151270301368496,0.218179919666584,-0.0278738344885369,0.324734503816381,0.457332418346434,0.528077338642228,-0.118156923287208,0.340214358395264,-0.118422545847967,0.579807235645645,-0.328553316548493,0.579027043303828,-0.209822750987054,0.539611751268569,-0.242032853115052,0.0443893398634285,-0.49941298638343,-0.0549511592702764,-0.402585360471133
"oat_height_1_6.13.23",0.0889321864235816,0.179896688615287,-0.0131574046456143,-0.00700771251013269,0.0830597914397832,-0.0010528173729918,0.371695477941526,1,0.169167697738172,0.501435049482825,0.0377533471853303,0.341226933126329,0.177334084114537,0.276171052255,0.147177783695223,0.218142191772935,0.0366790283367758,0.13300293275996,0.130281843193581,0.106598069514994,0.0980825110727418,0.146921714687931,0.0998677816546834,0.107322530865928,-0.0433863179712426,0.0282582204624539,-0.0521050394080788,0.0386415361953021,0.041019628997154,0.0800418995203277,0.0506690328865925,0.142353186436405,0.102272915560891,-0.317274516194639,-0.0913598013495283,-0.100686165959542,-0.0119849278600262,0.0268408902746462,0.0800793873895453,0.0358444916676724,0.180018181320277,0.0233186170754001,0.0695886897344242,-0.105525408536936,0.0423184360100789,0.0686590354669892,0.0210206011397408,0.00741501708315963,-0.0450750289147916,0.074211445851739,0.0251874860876866,0.57580048570176,0.431325960891747,0.649147445605452,-0.0561405512785271,0.479553446147124,-0.128534852135949,0.270966645914821,0.475143069746783,0.0451263163182626,-0.0263969014750263,-0.0789594551422735,-0.00336384253704207,0.365837616814368,0.0840434132299987,0.140812335421264,-0.0516832586508332,0.137345147903355
"pea_height_2_6.13.23",0.072995054116461,0.0566269998913936,0.00354374618234258,0.136522090772739,-0.00951042598198135,0.0920461531339907,0.686511047595875,0.169167697738172,1,0.265935497194495,0.666590030176046,-0.0234153400062638,-0.00534021854888235,-0.294933034829816,0.413497427069632,-0.364711870081188,0.242990791978536,-0.435852544864285,0.00189315755586459,-0.456444526041065,0.19406513028478,-0.533135841173387,0.13912088247472,-0.570268258750202,-0.127641401632382,-0.550531291624765,0.0164569889684894,-0.490789866810029,-0.0942945154779194,-0.481020082302585,0.548202603291113,0.555584423986047,0.483339926929506,-0.416452897669545,-0.534392502067579,-0.188631629513917,-0.54657724043385,-0.145126253112107,-0.446631425811354,-0.357447455006644,0.0467417409906176,0.328745848548875,-0.327129149125389,-0.00680834410075491,-0.244509336150437,-0.11660648067027,-0.0526932138178015,-0.075443773018029,0.118855314693574,0.126461523039361,0.123227957391249,-0.14073375462981,0.273836175126054,0.191955904789977,0.139740243878196,-0.178881920531252,0.403244508804801,-0.313254428177279,0.479878397686429,-0.23173911383582,0.648937677285898,-0.518869257466555,0.504093694648493,-0.454802842492296,0.306992024465828,-0.586813064594111,0.104645593872136,-0.507324461737002
"oat_height_2_6.13.23",-0.0218528278202272,-0.038070792300764,0.0876672399707141,0.0903033751371972,0.103547719096278,0.193506203743224,0.186487831982269,0.501435049482825,0.265935497194495,1,0.0702295344593454,0.536124642826014,0.234345660637875,0.224425283354931,0.251145879466452,0.280339469700194,0.094314365538453,0.115506585362932,0.169158977645284,0.0575575527301222,0.196276837065682,0.106882560303627,0.170359621692029,0.0363499373380682,-0.0327138362985008,-0.0479924863642931,-0.0992643347739173,-0.0441593194430113,-0.0882095086470483,-0.0513400743182043,0.132631066747809,0.124082263944839,0.227300034030501,-0.167724544297763,-0.0519078851139781,-0.0824830417613723,-0.10997652141063,-0.0947906063565479,-0.106839950587648,-0.120264438301763,0.143552819713282,-0.0818065158659599,-0.0891329096071642,-0.0160578692020093,-0.148560103763312,0.171568763093962,-0.222768160409046,-0.0387055390512168,-0.212242381932565,-0.031029543847808,-0.086195280585693,0.358658188153805,0.32016062012486,0.347544138738398,-0.375397771301935,0.237776699630145,0.106907823290113,0.0512773236603834,0.367014505637015,-0.0291706758617215,-0.0167704101883601,0.221475901957602,0.179177569335811,0.325483576534152,0.0288654170381382,0.100700353641459,0.00473207487639746,0.00854810514763309
"pea_height_3_6.13.23",-0.0943111859893295,0.0224068128071972,-0.0040945300377751,0.0540253593622465,-0.0907424314490742,0.126017422585543,0.558845082281854,0.0377533471853303,0.666590030176046,0.0702295344593454,1,0.102889786257699,0.123293510852884,-0.181825188791444,0.449276542189503,-0.286538818189123,0.367129804904652,-0.290137940929344,0.130584366759802,-0.314181895025338,0.247709898171662,-0.360181738546492,0.260527786446161,-0.426402021161775,0.115971866251944,-0.389421036186389,0.201739079854089,-0.334361006088362,0.0820106210433321,-0.352176482687617,0.377860487534636,0.384756343233063,0.357288342561984,-0.197302901617282,-0.362967136796967,-0.00994133080754739,-0.367272707588494,-0.0399490157674396,-0.338940410654677,-0.301998791739196,-0.0714880158343865,0.434784303335025,-0.328396531272065,-0.0132981739255374,-0.309372865136718,-0.224491510709395,-0.0688044982311471,-0.160667962220295,0.218114871433101,0.0556838386743887,0.189968785836129,0.00325658844165297,0.264752202216788,0.18539185726954,0.162232548597678,-0.173055159150138,0.583436288574013,-0.273523341591445,0.390212652809394,-0.35674244643183,0.622875128048221,-0.549439629120642,0.462064880334738,-0.475665001027279,0.491510058011806,-0.443897301225492,0.163923444042114,-0.413421230753969
"oat_height_3_6.13.23",-0.0268100187772608,-0.117479742110296,0.0898831488660571,-0.0136992205095239,0.234119126832735,0.144033485526218,-0.0032690368945919,0.341226933126329,-0.0234153400062638,0.536124642826014,0.102889786257699,1,0.134454834512635,0.172047488917229,0.0487649914118629,0.280979140154351,0.0467388919729927,0.365598904586365,0.0969584668746097,0.167296332220028,0.069763239200245,0.171614229506779,0.0779844422229518,0.190554674413521,0.0187221522937004,0.0873130984556163,-0.167931413917644,0.0360039272176656,-0.0593555534859828,0.0938627555294993,0.0151623209685433,0.0940324130520609,0.0925038628414203,-0.0299959914112866,0.0639282753386061,-0.077063301772255,0.0277190984896291,-0.0341258340462194,0.0835992375944656,0.0240620472597714,0.0329885905139497,-0.0648949328620702,-0.035603034581558,0.00126692917218131,-0.0240138690350217,0.0946638091311768,-0.13141120165364,0.0204066318423455,-0.149095123105445,-0.171596268116047,-0.30334702160798,0.294434653342772,0.306982277118873,0.516701778552747,-0.216319489340717,0.09373672262914,-0.127610774609497,0.452077476945987,-0.0480681367350237,0.172542306177814,-0.080472329448998,0.411522429826277,0.16983387453344,0.266787075585457,0.135433534630964,0.191645775094971,-0.0411787164610603,0.228199697418715
"pea_height_1_6.29.23",-0.0274273826694525,-0.0655423842428794,0.0649289911029728,0.0118662495134085,0.0438004051041589,-0.088012268331874,0.0315089080918999,0.177334084114537,-0.00534021854888235,0.234345660637875,0.123293510852884,0.134454834512635,1,0.432024865190517,0.694084311655665,0.329791264477227,0.568670980050292,0.272435431962286,0.788377453988298,0.197041550283345,0.665906842534791,0.284776280609843,0.633746969426305,0.177247712826573,0.396545924386723,0.124184159319409,0.452772940129462,0.0411257192630823,0.339965467713272,0.0193262097455998,-0.26944995188625,-0.234887152673772,0.109320312081087,0.218108653598938,0.108431973593321,0.309638599452147,-0.027390518361113,0.134189628610473,-0.055727373204685,-0.329492354050865,-0.0442735421712297,-0.215316619774058,-0.291390213679518,-0.131712108135049,-0.312497611738267,-0.0983798797935458,-0.430066457861786,-0.254401012729435,-0.332868354465619,-0.245158200469107,-0.221435240673176,0.142851176809464,-0.154931101189059,0.25098555272863,-0.453812148051631,0.23671935928667,0.136655130363702,-0.123038962613915,0.30913998634205,-0.10897158786695,-0.280381719578071,0.0752456190441909,0.0705043672546893,-0.0959207901677193,-0.194510454292109,0.103170507343181,0.0615551828774594,-0.0704411276214078
"oat_height_1_6.29.23",-0.12047252997968,-0.0158345290189338,-0.0172852161994374,0.0645699145720259,0.0587007722082913,0.063688569442296,-0.164121344919989,0.276171052255,-0.294933034829816,0.224425283354931,-0.181825188791444,0.172047488917229,0.432024865190517,1,0.0400169281504511,0.834518996651708,0.00236780972205741,0.695287438077063,0.229150089248836,0.782546043422851,0.135517307584374,0.713234490491599,0.193353453198441,0.672631311779027,0.328052045026623,0.630229451467891,0.245535021656943,0.546181731112626,0.303944471649188,0.548954566232413,-0.534702057589248,-0.550242477682754,-0.341714040123417,0.435634068040225,0.579713318934567,0.312025021042161,0.491540218564366,0.237989747708205,0.500255631229076,0.270652945639804,-0.274861281569538,-0.118672784718568,0.182857874196173,-0.173052211559979,0.0764997661800996,-0.19105066493467,-0.018321854360224,-0.278854517211809,-0.171649789179623,-0.38636988326398,0.206532602641797,0.312424376641946,0.10260783444747,0.28110046994366,0.0197921479996544,0.342352257930254,-0.0260068889298823,0.223847912858177,-0.215406544914757,0.214479891835014,-0.144328903234983,0.36529489067631,-0.468390128077936,0.622128925051418,-0.364976032370869,0.36623757901866,-0.0888720196424605,0.409625452134145
"pea_height_2_6.29.23",-0.107642816985323,-0.141562574252132,0.01589965925518,-0.0978635373308598,-0.0238200187200803,0.00380539271420841,0.285029995519878,0.147177783695223,0.413497427069632,0.251145879466452,0.449276542189503,0.0487649914118629,0.694084311655665,0.0400169281504511,1,3.6094130101655e-05,0.850085524406982,-0.0521566589780539,0.729130333870512,-0.196866370630959,0.875075123564713,-0.190998451400598,0.776536928845768,-0.266993587206606,0.189962510611067,-0.279740421162165,0.334733230880034,-0.422257121469374,0.156459280321692,-0.380125559670841,0.21920352744589,0.268728124489358,0.605107660682196,-0.105464941184754,-0.247900069233588,0.0626370477847481,-0.470451381336725,-0.0905256019107167,-0.445841471294616,-0.709400870436717,-0.0376454575031791,-0.188132336856975,-0.627614643381627,-0.0706925353885489,-0.557457533517854,-0.145625085866423,-0.63791008388107,-0.352634235866658,-0.378235034682776,-0.151605782320355,-0.343579760837408,-0.0330751834329291,-0.107819018441974,0.165790641712411,-0.494688315942914,-0.0332536757155333,0.107020206671617,-0.173560338361658,0.487330772425451,-0.270564728392625,0.252812215793243,-0.529977399999332,0.194460049832009,-0.22593336474543,0.136377393989643,-0.156645656317971,0.0669042772425198,-0.407179992782217
"oat_height_2_6.29.23",-0.20995722052882,-0.0468959534820729,0.00630348342343643,0.0064095421241093,0.151699430223974,0.0765278456896567,-0.2540681797705,0.218142191772935,-0.364711870081188,0.280339469700194,-0.286538818189123,0.280979140154351,0.329791264477227,0.834518996651708,3.6094130101655e-05,1,-0.0107009455115869,0.824030050481714,0.188602020956303,0.755021556515883,0.0926340714280076,0.816017049160174,0.136374364403417,0.766487785498855,0.26085874474894,0.704347454387274,0.181482051267779,0.59421829926532,0.224599933537432,0.619409460626969,-0.546302239551199,-0.513048924647445,-0.323455156600838,0.384186070437633,0.673038564735713,0.303928707657894,0.566961240738119,0.213936899050131,0.571529538539519,0.237411436812539,-0.276085354039589,-0.141481724394568,0.203150374515041,-0.175670744423336,0.114496011284842,-0.155006616631503,0.00871359837470604,-0.239415943579069,-0.164802372578895,-0.419002810971657,-0.00297332420452957,0.259274420571315,0.160136794713209,0.418209080129903,-0.142717113670597,0.375010662430809,-0.147966010816693,0.358747120062372,-0.153654091278498,0.16222225903726,-0.478334337010667,0.571646719114003,-0.424147341964349,0.64171223713407,-0.379432934874379,0.46897106860068,-0.0578056308548034,0.530631275684842
"pea_height_3_6.29.23",-0.042942432821631,-0.123883363149749,0.047396693128772,-0.0977601845430924,-0.0895927252653856,-0.0683233137933512,0.130070194659677,0.0366790283367758,0.242990791978536,0.094314365538453,0.367129804904652,0.0467388919729927,0.568670980050292,0.00236780972205741,0.850085524406982,-0.0107009455115869,1,0.058606737985617,0.711431843929865,-0.182549426316339,0.851645349088639,-0.172688741369524,0.894880974652046,-0.205254040612631,0.197083200525037,-0.260124827624681,0.252456339857656,-0.416519868175478,0.213975655737347,-0.400354365857908,0.155421348064617,0.232046984819503,0.575990603981143,-0.0578446859478511,-0.224770453584538,0.0083883072406095,-0.455301765182336,-0.0239708679465517,-0.469466217041917,-0.697279595388733,0.00259585433632559,-0.26146450164404,-0.643811847244678,0.000811238150042434,-0.550928552144055,-0.0594097330134667,-0.643406308206063,-0.24604721495126,-0.427438587591668,-0.213924170845333,-0.379322816653435,0.015320603300386,-0.319815070710987,0.203800012708837,-0.524583894161941,0.11517976475059,-0.0202861296133102,-0.128726167983867,0.2831791237969,-0.09945805650928,0.268962563289243,-0.560549870755677,-0.0101082858971544,-0.234264815941344,0.157663750684447,0.0375270592808644,0.0498739368068179,-0.305736333475017
"oat_height_3_6.29.23",-0.200844844325724,-0.034502245948888,-0.00786993062229068,-0.0444054576800065,0.187728119614647,-0.0170670195933027,-0.333810418736797,0.13300293275996,-0.435852544864285,0.115506585362932,-0.290137940929344,0.365598904586365,0.272435431962286,0.695287438077063,-0.0521566589780539,0.824030050481714,0.058606737985617,1,0.141723236349123,0.660444237875019,0.0475070108067397,0.724735944977755,0.146952682683409,0.781898845447241,0.29285545580803,0.663109122490145,0.188618989762177,0.554596080428571,0.296359400065342,0.622319278690815,-0.547674257429359,-0.497728238315748,-0.319021305820543,0.396596500468626,0.603727928798905,0.294980115678981,0.553879831316906,0.310846292442253,0.590745434065489,0.200547228110881,-0.249264145390724,-0.162898150424497,0.133182895031296,-0.183535006627801,0.115829279137638,-0.184108070877368,0.0235154126909346,-0.181620092817993,-0.186007456042589,-0.426688989465154,-0.187278818209993,0.193418409387011,0.131497387039507,0.499278312396745,-0.168933667149643,0.229247520377082,0.0156114178269486,0.202027030411629,-0.213006657041503,0.0923310726230598,-0.509652956370245,0.551078867036662,-0.0750617303677635,0.423713010511382,-0.263371383759994,0.67597176291852,-0.0223461342551692,0.538303394237334
"pea_height_1_7.5.23",-0.112486326421415,-0.117648540083642,0.111065989056952,-0.0103816411033218,0.0254285658874064,-0.0011296396788399,0.0294609664936194,0.130281843193581,0.00189315755586459,0.169158977645284,0.130584366759802,0.0969584668746097,0.788377453988298,0.229150089248836,0.729130333870512,0.188602020956303,0.711431843929865,0.141723236349123,1,0.0864888096027721,0.81173348148251,0.13472470875668,0.751360043783636,0.0792317750038213,0.433076764353388,0.0374337712413459,0.405452562369059,-0.0360818934629822,0.339303418105997,-0.0569768314207116,-0.168445390323986,-0.153428555181165,0.275506688341388,0.127334551153948,-0.0305126406282859,0.247075414490541,-0.150505086726325,0.0602199023289381,-0.186751386178414,-0.500608515345183,-0.00106445327010432,-0.366022392476926,-0.432051321440131,-0.0346169581368912,-0.410439687442063,-0.0122428211525464,-0.613574477329,-0.271764385365895,-0.460487422002147,-0.203801140900697,-0.309104942354065,0.109546754978689,-0.212162909601099,0.213274594575413,-0.57197388634824,0.188058659760061,-0.0282195150778114,0.0100408038481539,0.258225732273231,-0.0842083007103547,-0.0524421717116621,-0.125971321080799,-0.0994287624796887,-0.186927476300953,-0.184853903781357,0.312116040217288,-0.0625086089570296,-0.0845075387363706
"oat_height_1_7.5.23",-0.237153666165747,-0.0903059628592349,0.00172881029427943,0.135761743642526,0.0573014109713425,0.152627885568967,-0.277017271808653,0.106598069514994,-0.456444526041065,0.0575575527301222,-0.314181895025338,0.167296332220028,0.197041550283345,0.782546043422851,-0.196866370630959,0.755021556515883,-0.182549426316339,0.660444237875019,0.0864888096027721,1,-0.0451776225551818,0.79907541194741,-0.0555510856080712,0.744062867822537,0.286576324556698,0.804916435697084,0.17917960232738,0.677208154930755,0.270691574570385,0.701429090999095,-0.662450262499998,-0.661542876864964,-0.507792602644044,0.469531087264755,0.749567717376871,0.344652909518902,0.650583349414861,0.282196097534925,0.659240011321951,0.417208769181518,-0.275550060428044,-0.0556565107988016,0.332906917327881,-0.137562915463908,0.236727173588312,-0.10633941614653,0.110261675590406,-0.251257372228466,-0.0530116692881179,-0.371416560754556,-0.0105830181091272,0.125702907905965,0.194028627865917,0.143134877484542,0.115462377660891,0.327801978082138,-0.107834582510073,0.350435775900942,-0.547803294009993,0.311150519477846,-0.064420983955005,0.442275434695734,-0.502322514499222,0.612639262245353,-0.310378223224254,0.40797256872635,-0.0770551603835799,0.493536547150874
"pea_height_2_7.5.23",-0.137664875422594,-0.178721488344733,-0.0138237218131658,-0.0409679151080722,-0.051941766095503,-0.0106532330942849,0.0662503591435459,0.0980825110727418,0.19406513028478,0.196276837065682,0.247709898171662,0.069763239200245,0.665906842534791,0.135517307584374,0.875075123564713,0.0926340714280076,0.851645349088639,0.0475070108067397,0.81173348148251,-0.0451776225551818,1,-0.0504708432211688,0.870037073203979,-0.111613078293979,0.240291640439861,-0.179712003933498,0.258659134793541,-0.336889107292219,0.206158903945013,-0.305918301573035,0.0968491764110664,0.116799450008975,0.544080326306575,0.0164210523965137,-0.161179426241107,0.0477031786284966,-0.375635003758647,-0.0777072582343749,-0.399633236383466,-0.655962237843565,-0.0925800764205767,-0.409169099904229,-0.601751903928425,-0.0222821191456217,-0.54628176088286,-0.0701944019683088,-0.758966950126043,-0.33487830835567,-0.547780206202617,-0.222606112725233,-0.500967977461303,-0.0767028916868251,-0.250358394353518,0.16357960036601,-0.584156690798825,0.0982958007363312,-0.146890228569962,-0.0479740342006,0.369414919768339,-0.197707803962053,0.271904844500149,-0.426877243229003,-0.122897231614078,-0.090770389639485,-0.0449332750327648,0.0577296980067467,-0.0115778750652821,-0.307193714312217
"oat_height_2_7.5.23",-0.187635793741076,-0.0214310741444306,0.0108057256640121,0.0647388283571527,0.0905352067556859,-0.000426351319257199,-0.328734504789001,0.146921714687931,-0.533135841173387,0.106882560303627,-0.360181738546492,0.171614229506779,0.284776280609843,0.713234490491599,-0.190998451400598,0.816017049160174,-0.172688741369524,0.724735944977755,0.13472470875668,0.79907541194741,-0.0504708432211688,1,-0.0317233610614206,0.857157174044761,0.272412617347602,0.806859873380827,0.28367269532746,0.783345138550576,0.340720749840452,0.766837037439227,-0.739438860649131,-0.728066342824184,-0.587821577226039,0.41747052953619,0.727087200890478,0.455643837211211,0.781399640447204,0.378608301594194,0.737853448032752,0.422622874605129,-0.182217316908851,-0.0355469295821917,0.370790035591801,-0.142452940768038,0.251203756841707,-0.039188289602865,0.206456622360336,-0.133268593964444,0.0161075571699859,-0.267989611726826,-0.017859694007384,0.292787700423664,0.105819017656228,0.19247575198585,0.0698843997500394,0.238239744264165,-0.0839338004798015,0.375499559663927,-0.371305960984118,0.305781686439732,-0.501919862814398,0.550767803859174,-0.491557755423365,0.624471983070307,-0.293232619897379,0.590460003146189,-0.00207889706445006,0.64669716766876
"pea_height_3_7.5.23",-0.0100809119222938,-0.119596739065972,0.0351682441322684,-0.0837128935300622,-0.0735512189755459,-0.0781577847455786,0.0637155372460733,0.0998677816546834,0.13912088247472,0.170359621692029,0.260527786446161,0.0779844422229518,0.633746969426305,0.193353453198441,0.776536928845768,0.136374364403417,0.894880974652046,0.146952682683409,0.751360043783636,-0.0555510856080712,0.870037073203979,-0.0317233610614206,1,-0.0486578516485697,0.212134234455824,-0.178776158409955,0.180823507370929,-0.326573258818064,0.237166409765044,-0.313803668113307,0.0938591266939747,0.0956907325499456,0.512613363272681,0.0488221681441912,-0.138311067182137,-0.00840108412977397,-0.367746301561622,-0.0329477462367569,-0.376150403413698,-0.608871510963066,-0.0486074500886071,-0.359186272461968,-0.542593304552497,-0.02441323707322,-0.559358605732291,-0.104765972175898,-0.690869538685701,-0.290661325504111,-0.510342595252137,-0.299011847775242,-0.363351949247988,0.0430592037562722,-0.455648644438789,0.239267686793313,-0.488903378604016,0.197322198823778,-0.160566704516883,-0.0546130485230471,0.168977646353344,0.0108271944723193,0.134430514302451,-0.480821915346209,-0.0799656457325366,-0.115413619626857,-0.0615983782450643,0.200369131533324,-0.0286922244896418,-0.226670561725898
"oat_height_3_7.5.23",-0.179411593366233,0.0734701066670286,-0.046364230218594,0.122036825232806,0.0813518112964031,-4.52377862252267e-05,-0.333105560968716,0.107322530865928,-0.570268258750202,0.0363499373380682,-0.426402021161775,0.190554674413521,0.177247712826573,0.672631311779027,-0.266993587206606,0.766487785498855,-0.205254040612631,0.781898845447241,0.0792317750038213,0.744062867822537,-0.111613078293979,0.857157174044761,-0.0486578516485697,1,0.336626854817471,0.780377511611942,0.197674094830382,0.769650277854596,0.379604801376345,0.812073463308395,-0.693985537991164,-0.73269675874751,-0.610151207675351,0.510410936013606,0.698308961680148,0.399032638012887,0.773590758444374,0.410034158605663,0.789714093599466,0.443575302542807,-0.24317179656786,-0.0384224995482815,0.37759108442563,-0.140008718177899,0.307233178040703,-0.129032417395582,0.279866298939931,-0.0624784804034238,0.0238982533595908,-0.259910602963603,0.0481743826769114,0.323903828262264,0.00326399712425537,0.163890005854692,0.200603386139221,0.209647091918461,-0.0842007695056941,0.258940713815552,-0.283438424640032,0.135590557830143,-0.505483421916374,0.625889392784427,-0.470496832691314,0.547055367943903,-0.262701368523087,0.7963498936622,-0.0805845060285537,0.612458110193916
"pea_height_1_7.19.23",-0.125828743381184,-0.00415061798430794,-0.0792495227924209,0.143427261811931,0.00752187791526962,0.0686264775805263,-0.0390619674183631,-0.0433863179712426,-0.127641401632382,-0.0327138362985008,0.115971866251944,0.0187221522937004,0.396545924386723,0.328052045026623,0.189962510611067,0.26085874474894,0.197083200525037,0.29285545580803,0.433076764353388,0.286576324556698,0.240291640439861,0.272412617347602,0.212134234455824,0.336626854817471,1,0.428873395963119,0.626467847294931,0.397450375866382,0.704759663947434,0.425392399536631,-0.406690019526084,-0.442763627215447,-0.368757066388469,0.601481778639388,0.301953152870807,0.651685301191104,0.329141988172384,0.583153807062125,0.321458970942723,-0.113422958653567,-0.156840026608067,0.0137644083245592,-0.0569425523310254,0.00183336009517902,-0.152359408140616,-0.231108441514064,-0.00921956809467769,-0.163976892487095,-0.113330009672293,-0.0845594466144213,-0.17577016887143,-0.105481715096824,-0.0233673932954517,-0.0034982346630054,0.040636896509696,0.0703514271581474,0.110434817988173,0.1627988794354,0.168948621199655,-0.0345802513763914,0.0202092051095376,-0.0535876446563852,-0.290166446785754,0.147347705255,0.0988440003837008,0.253077824334075,0.126297771384415,0.073277084157565
"oat_height_1_7.19.23",-0.192731769402453,-0.0445739423492372,-0.0240875397513194,0.0542948307620755,0.069192030428777,0.0251258491645214,-0.347443025795267,0.0282582204624539,-0.550531291624765,-0.0479924863642931,-0.389421036186389,0.0873130984556163,0.124184159319409,0.630229451467891,-0.279740421162165,0.704347454387274,-0.260124827624681,0.663109122490145,0.0374337712413459,0.804916435697084,-0.179712003933498,0.806859873380827,-0.178776158409955,0.780377511611942,0.428873395963119,1,0.31552744258026,0.789179942467445,0.376595319372815,0.825636213141836,-0.675800973893624,-0.672709219507801,-0.644808707186809,0.509083107118804,0.85082775052874,0.531314640256235,0.787953757791031,0.472378972618819,0.758859397321186,0.390226859534567,-0.265734393234656,-0.0585931393039027,0.349387544933202,-0.0908974315239443,0.286998235600325,-0.164569953426414,0.235113550408444,-0.145871364281688,0.000173615368784608,-0.319108589420301,-0.00823820806093823,0.119191162104579,0.0460862429643961,-0.165282653431985,0.136883923866396,0.242515646439099,-0.146108101536035,0.448643486297415,-0.235774541381652,0.349782151372324,-0.305787753570643,0.506216214166589,-0.472533741243138,0.59760729506129,-0.374836657360952,0.555672579622136,0.0195565259263846,0.57836141684664
"pea_height_2_7.19.23",-0.12065851456972,0.0199235877355714,-0.0499280619898636,0.107335462662485,-0.0711149397678899,0.121172232342214,0.0576217105530484,-0.0521050394080788,0.0164569889684894,-0.0992643347739173,0.201739079854089,-0.167931413917644,0.452772940129462,0.245535021656943,0.334733230880034,0.181482051267779,0.252456339857656,0.188618989762177,0.405452562369059,0.17917960232738,0.258659134793541,0.28367269532746,0.180823507370929,0.197674094830382,0.626467847294931,0.31552744258026,1,0.447238307350121,0.700491337243106,0.381977437082457,-0.418155870748654,-0.377255133462476,-0.310881562705738,0.315982076355141,0.202789763808435,0.856854169290426,0.38639068133739,0.570407630312735,0.303572130779059,-0.157275170807028,-0.0559900142783047,0.213924249412307,-0.137003267963971,-0.200627477327498,-0.128753924322245,-0.0949849943266372,0.05988493676463,-0.162476055202511,0.103346310480372,-0.0343457526136562,0.116366142200898,0.126498306656817,0.0147175638224734,-0.213887642831989,-0.03036254702072,-0.262357186662298,0.183496845817367,-0.0996981137763965,0.198508946340725,-0.117361023345856,0.123684008352862,-0.143311178482072,-0.0383587592003542,0.017832457514709,0.119567751016135,0.113808295744316,0.137116055825063,0.0758740752106914
"oat_height_2_7.19.23",-0.145418383224624,0.0497982941440124,0.0309755643828652,0.147573232189391,0.0915701944268983,0.0799522515016364,-0.285430390275384,0.0386415361953021,-0.490789866810029,-0.0441593194430113,-0.334361006088362,0.0360039272176656,0.0411257192630823,0.546181731112626,-0.422257121469374,0.59421829926532,-0.416519868175478,0.554596080428571,-0.0360818934629822,0.677208154930755,-0.336889107292219,0.783345138550576,-0.326573258818064,0.769650277854596,0.397450375866382,0.789179942467445,0.447238307350121,1,0.525111346682063,0.915657066826329,-0.721426975511061,-0.766257263632229,-0.80093799509557,0.44872556386573,0.669472586454881,0.64846427349398,0.949266342856952,0.592688444012315,0.853724930987088,0.49958956767806,-0.167551148785673,0.180098661782709,0.441333395033759,-0.150180565274628,0.353520015811071,-0.0533240849103719,0.474246980481602,0.0257550429971752,0.220932816403455,-0.0468961986156741,0.292806734223686,0.210467121839313,0.182902138597793,-0.152247456432724,0.30470029906103,0.096873413465755,-0.0609581350347635,0.388777985337278,-0.266206085648429,0.361368972504196,-0.273912587626019,0.536806987172678,-0.358600084374471,0.573423558645591,-0.25133802254902,0.612394935703589,-0.0302577180982372,0.661434225201123
"pea_height_3_7.19.23",-0.00877408206646511,0.0406838207941377,-0.0597760473224409,0.183745421424531,-0.0143873118101656,0.0272553164977685,-0.0262672075212301,0.041019628997154,-0.0942945154779194,-0.0882095086470483,0.0820106210433321,-0.0593555534859828,0.339965467713272,0.303944471649188,0.156459280321692,0.224599933537432,0.213975655737347,0.296359400065342,0.339303418105997,0.270691574570385,0.206158903945013,0.340720749840452,0.237166409765044,0.379604801376345,0.704759663947434,0.376595319372815,0.700491337243106,0.525111346682063,1,0.540368033659302,-0.430863407829435,-0.495774130185011,-0.445887592506805,0.464190725480703,0.254626701861934,0.726210269922447,0.494307359499408,0.835746223321829,0.451154583794482,-0.0502610350241444,-0.0222552235934892,0.111014828854565,-0.0414110390525334,-0.120685721267348,-0.0436912774278357,-0.125740482241335,0.122716881235396,-0.0108814125896997,-0.00345767281896918,0.0718132270536115,0.344633822576751,0.300747874280831,-0.153470506907568,0.0444952744230066,0.139896025250485,-0.0549085239724487,-0.157084288548344,0.115404186264348,0.0744396127505482,0.0475421407364978,-0.0144459786429039,-0.190581171222802,-0.245610847500639,0.226993537680738,0.267474253953337,0.321119418728649,0.124200554395467,0.200484689693816
"oat_height_3_7.19.23",-0.160163656045881,0.0988306836960226,-0.0691986125437258,0.145193586089233,0.0751470355863379,0.0256147340785908,-0.230432897494755,0.0800418995203277,-0.481020082302585,-0.0513400743182043,-0.352176482687617,0.0938627555294993,0.0193262097455998,0.548954566232413,-0.380125559670841,0.619409460626969,-0.400354365857908,0.622319278690815,-0.0569768314207116,0.701429090999095,-0.305918301573035,0.766837037439227,-0.313803668113307,0.812073463308395,0.425392399536631,0.825636213141836,0.381977437082457,0.915657066826329,0.540368033659302,1,-0.659095243400805,-0.729395136128445,-0.76429449003023,0.479934219192436,0.688068682999473,0.589730714558237,0.902372039828119,0.622531711893877,0.934755774277149,0.484446402573472,-0.251371081575199,0.142132647576079,0.421290930396165,-0.194953646046179,0.36740192397334,-0.167230972328225,0.472310180776681,-0.0445925711641733,0.168331694353074,-0.117909954675367,0.285478684916712,0.276083082707919,0.0817092795523663,-0.0683736707504082,0.347569658940781,0.0389031073641059,-0.137086379069646,0.447449668895993,-0.278099075679489,0.198023126438378,-0.318209712120408,0.481189660620762,-0.309196547773991,0.59634456052027,-0.158206732939167,0.659789956760221,-0.0856566846943334,0.629876233762058
"lodging_6.30.23",0.0353074026071158,0.0924232744244122,-0.030409709727255,-0.20293387469601,0.0521841291366749,-0.174747482160401,0.439678208525153,0.0506690328865925,0.548202603291113,0.132631066747809,0.377860487534636,0.0151623209685433,-0.26944995188625,-0.534702057589248,0.21920352744589,-0.546302239551199,0.155421348064617,-0.547674257429359,-0.168445390323986,-0.662450262499998,0.0968491764110664,-0.739438860649131,0.0938591266939747,-0.693985537991164,-0.406690019526084,-0.675800973893624,-0.418155870748654,-0.721426975511061,-0.430863407829435,-0.659095243400805,1,0.860608966299205,0.727715430391218,-0.457606592419102,-0.561805543124307,-0.588945641218161,-0.727135042561892,-0.455117811734242,-0.636785443088517,-0.461235260725442,-0.00398187395621035,0.0259136922089069,-0.428735962878289,0.0816736612265268,-0.371988535311958,-0.149063492563019,-0.214659443519203,-0.039502420733908,-0.0615217886498499,0.0814150880423911,0.104573023473619,-0.167231232163057,-0.226846843034482,-0.0428686769804159,-0.119770191247085,-0.18496954912982,-0.0137379015155918,-0.15193107354807,0.401018654080805,-0.302132623549243,0.47676817747493,-0.356041609955077,0.48465103375914,-0.464893181973196,-0.0090969765725837,-0.436178103844522,-0.148419497166172,-0.512086321452007
"lodging_7.5.23",0.105926489405454,-0.0152446758995426,0.0417056212691653,-0.198384562118887,0.00317318552480788,-0.0294005310788443,0.400526992293691,0.142353186436405,0.555584423986047,0.124082263944839,0.384756343233063,0.0940324130520609,-0.234887152673772,-0.550242477682754,0.268728124489358,-0.513048924647445,0.232046984819503,-0.497728238315748,-0.153428555181165,-0.661542876864964,0.116799450008975,-0.728066342824184,0.0956907325499456,-0.73269675874751,-0.442763627215447,-0.672709219507801,-0.377255133462476,-0.766257263632229,-0.495774130185011,-0.729395136128445,0.860608966299205,1,0.760727728247002,-0.54430160405503,-0.594713423767868,-0.54715672917169,-0.777373154315193,-0.489269566259429,-0.690907898802172,-0.495660978346667,0.117370432480509,-0.0322737789587308,-0.473724678489867,0.0770837386356047,-0.345000434568243,-0.0736437218293944,-0.260150980242664,-0.044209452272361,-0.109719702405715,0.0353833416934015,-0.105631571505455,-0.161861673029699,-0.151345558676049,-0.0219912088455468,-0.206457445706153,-0.085836554002505,-0.0682539369892217,-0.106994408035995,0.404447788848545,-0.340001983648294,0.485561197055473,-0.423288405486348,0.48282030691795,-0.38655576061244,0.146032906871876,-0.486215060676894,-0.00279156792430747,-0.465732396476013
"lodging_8.9.23",-0.00760637748949655,-0.103828004583686,0.0560333626858952,-0.202272114880387,-0.0190551925515027,-0.0349875681869714,0.302820190510866,0.102272915560891,0.483339926929506,0.227300034030501,0.357288342561984,0.0925038628414203,0.109320312081087,-0.341714040123417,0.605107660682196,-0.323455156600838,0.575990603981143,-0.319021305820543,0.275506688341388,-0.507792602644044,0.544080326306575,-0.587821577226039,0.512613363272681,-0.610151207675351,-0.368757066388469,-0.644808707186809,-0.310881562705738,-0.80093799509557,-0.445887592506805,-0.76429449003023,0.727715430391218,0.760727728247002,1,-0.497723694592674,-0.541527852279998,-0.576535176149857,-0.842815829097613,-0.592893048648217,-0.776172018460183,-0.672513757988131,-0.0039164524235407,-0.274907871829774,-0.629769933778618,-0.0130406436464147,-0.493803134881935,-0.0543631974843564,-0.624311036608335,-0.242909110033113,-0.370745642818868,-0.148278317793976,-0.374274032086532,-0.240558708297223,-0.142701709741205,0.183500964771287,-0.352561818809107,0.0553591626517785,0.00548965141430472,-0.266010517240496,0.279499771470919,-0.270689074107669,0.328423170257205,-0.514606051507227,0.416591406730957,-0.50225972071826,0.0214628385381869,-0.303140116951279,-0.143812791097669,-0.543424044004848
"pea_height_1_7.27.23",-0.115871565914888,-0.0976203082871952,0.0111492877849765,0.0862484895949275,0.0911436499992749,0.075539544660442,-0.39668178104353,-0.317274516194639,-0.416452897669545,-0.167724544297763,-0.197302901617282,-0.0299959914112866,0.218108653598938,0.435634068040225,-0.105464941184754,0.384186070437633,-0.0578446859478511,0.396596500468626,0.127334551153948,0.469531087264755,0.0164210523965137,0.41747052953619,0.0488221681441912,0.510410936013606,0.601481778639388,0.509083107118804,0.315982076355141,0.44872556386573,0.464190725480703,0.479934219192436,-0.457606592419102,-0.54430160405503,-0.497723694592674,1,0.627413666730983,0.460035531663006,0.473954134070655,0.428283747687079,0.452714810470277,0.125953609767255,-0.221432732519394,-0.110497816820177,0.128305559878755,-0.0838697860475821,0.0108006627994716,-0.184121191699854,0.0682776634481666,-0.130742248211693,-0.114970510500547,-0.207493829269224,-0.156535602082131,0.00621141364720704,-0.303728306944149,-0.300715300418873,0.0839325545742999,0.0589995054203226,-0.223811311770926,0.250917990707702,-0.565573359817344,0.165552110487649,-0.0573706601901123,0.353323606240607,-0.425706952860891,0.3187913342791,-0.100906585214444,0.350816127890285,0.0586264371674359,0.26794117222869
"oat_height_1_7.27.23",-0.184602392576904,-0.112528000745742,0.000165859644746255,-0.0351245484354236,0.0663887370350024,0.0347441064719477,-0.446951458515519,-0.0913598013495283,-0.534392502067579,-0.0519078851139781,-0.362967136796967,0.0639282753386061,0.108431973593321,0.579713318934567,-0.247900069233588,0.673038564735713,-0.224770453584538,0.603727928798905,-0.0305126406282859,0.749567717376871,-0.161179426241107,0.727087200890478,-0.138311067182137,0.698308961680148,0.301953152870807,0.85082775052874,0.202789763808435,0.669472586454881,0.254626701861934,0.688068682999473,-0.561805543124307,-0.594713423767868,-0.541527852279998,0.627413666730983,1,0.387530748336127,0.698305559258507,0.34979733697389,0.668101713150326,0.362435536919763,-0.291046679268828,-0.1105999171708,0.329059763916306,-0.0904139928725734,0.244370300392784,-0.167134499204198,0.180947577001152,-0.155893614520763,-0.0910191246935206,-0.345187786756728,-0.0417240203621154,0.0965397150100772,-0.0846887010541614,-0.350035084249454,0.0677898394621541,0.0798517529227913,-0.269824094715859,0.488776964636822,-0.553785926712381,0.41415772232092,-0.338273790074609,0.489589716583505,-0.518218946701079,0.59858010871472,-0.13147594626193,0.522348196546496,-0.02378335212993,0.549286215824034
"pea_height_2_7.27.23",-0.0898464825349633,0.0340857769120546,0.0050461842631324,0.131826099566132,-0.0488063140929905,0.094270120210112,-0.114447050475191,-0.100686165959542,-0.188631629513917,-0.0824830417613723,-0.00994133080754739,-0.077063301772255,0.309638599452147,0.312025021042161,0.0626370477847481,0.303928707657894,0.0083883072406095,0.294980115678981,0.247075414490541,0.344652909518902,0.0477031786284966,0.455643837211211,-0.00840108412977397,0.399032638012887,0.651685301191104,0.531314640256235,0.856854169290426,0.64846427349398,0.726210269922447,0.589730714558237,-0.588945641218161,-0.54715672917169,-0.576535176149857,0.460035531663006,0.387530748336127,1,0.606004737379911,0.708620961970366,0.525147293318944,0.0360133422326007,-0.026166384207058,0.165803375605962,0.0524494711122714,-0.102170605269092,0.0304900334517397,-0.0265404482572821,0.158094843410098,-0.0655891329773727,0.0731448980115977,-0.0404848115196559,0.195054236019362,0.307942146194083,-0.0404507348150529,-0.364370651476013,0.075831816180101,-0.163559686865884,0.124552341461589,0.105914504393237,0.171289032850334,-0.0361239987079739,-0.0374153193565074,0.0183739666216331,-0.222939858196597,0.343709035820982,-0.0566099529115809,0.308557702426599,0.216403169341094,0.298040790229549
"oat_height_2_7.27.23",-0.151902127915757,-0.00826565794346445,0.015388484312883,0.112722625488128,0.111788028659108,0.0580995585202282,-0.354205483179666,-0.0119849278600262,-0.54657724043385,-0.10997652141063,-0.367272707588494,0.0277190984896291,-0.027390518361113,0.491540218564366,-0.470451381336725,0.566961240738119,-0.455301765182336,0.553879831316906,-0.150505086726325,0.650583349414861,-0.375635003758647,0.781399640447204,-0.367746301561622,0.773590758444374,0.329141988172384,0.787953757791031,0.38639068133739,0.949266342856952,0.494307359499408,0.902372039828119,-0.727135042561892,-0.777373154315193,-0.842815829097613,0.473954134070655,0.698305559258507,0.606004737379911,1,0.576821793135873,0.894344139816351,0.551986215488917,-0.15356866513874,0.182665297894962,0.487091584558367,-0.138986819610415,0.412760999287327,-0.0204380531568721,0.506538671316183,0.0807330271442847,0.254270528272307,-0.0139813964250884,0.224019671820958,0.25414404733786,0.185471845699938,-0.0938147584007648,0.271689401771622,0.0608680937013012,-0.186765909935502,0.500312897475816,-0.415409423816881,0.359493292850273,-0.358673983406283,0.546572432554185,-0.368639200198518,0.571598082714527,-0.122936876768082,0.545214487736325,0.00950067912728948,0.673786127212971
"pea_height_3_7.27.23",0.0431099166461353,0.111308690858853,-0.0565351388387202,0.167673375940947,0.0154241056804051,-0.0205816552819048,-0.0158082741113107,0.0268408902746462,-0.145126253112107,-0.0947906063565479,-0.0399490157674396,-0.0341258340462194,0.134189628610473,0.237989747708205,-0.0905256019107167,0.213936899050131,-0.0239708679465517,0.310846292442253,0.0602199023289381,0.282196097534925,-0.0777072582343749,0.378608301594194,-0.0329477462367569,0.410034158605663,0.583153807062125,0.472378972618819,0.570407630312735,0.592688444012315,0.835746223321829,0.622531711893877,-0.455117811734242,-0.489269566259429,-0.592893048648217,0.428283747687079,0.34979733697389,0.708620961970366,0.576821793135873,1,0.591098304320315,0.121700214029901,-0.0125002155961931,0.199570812250457,0.0973254688645132,-0.0711011114158157,0.0528193919757779,-0.1328330723916,0.326012086811655,0.140989637199735,0.114753621241396,0.114392296159345,0.369380793542126,0.241946034703461,-0.0825970507187048,-0.0575862727612464,0.193294404456468,-0.0882373206522466,-0.20566621867025,0.278038652300488,0.0800206474328812,0.0481743531315395,0.0456731306071794,0.0268324252179013,-0.250468596923862,0.476004311539497,0.224233624530147,0.276260663037235,0.174286562241804,0.343068630655895
"oat_height_3_7.27.23",-0.112267758404425,0.0885341579024393,-0.0627234095986096,0.122162940541706,0.100469027381157,0.0477814723609307,-0.207360040791068,0.0800793873895453,-0.446631425811354,-0.106839950587648,-0.338940410654677,0.0835992375944656,-0.055727373204685,0.500255631229076,-0.445841471294616,0.571529538539519,-0.469466217041917,0.590745434065489,-0.186751386178414,0.659240011321951,-0.399633236383466,0.737853448032752,-0.376150403413698,0.789714093599466,0.321458970942723,0.758859397321186,0.303572130779059,0.853724930987088,0.451154583794482,0.934755774277149,-0.636785443088517,-0.690907898802172,-0.776172018460183,0.452714810470277,0.668101713150326,0.525147293318944,0.894344139816351,0.591098304320315,1,0.546794094614472,-0.239004757768864,0.216188482033462,0.440979830551167,-0.213353179140082,0.396156741135323,-0.165140735083899,0.538738934153844,-0.0456278149681745,0.237992960744346,-0.12201885800877,0.287082055523211,0.374157344719518,0.148392078500371,0.0243458093381723,0.4494929014467,-0.00724271164515999,-0.169147142464925,0.500306908626432,-0.291042132928272,0.252402831298683,-0.404879167991883,0.469335083089581,-0.340669001423948,0.567226049571751,-0.13837084778059,0.60988066595859,-0.0872114076161747,0.635356750137879
"pea_flowering_6.13.23",0.0872614623819398,0.112115007464035,0.00450737919830309,0.121243986144607,-0.0855151195269894,0.0126339069312746,-0.197302275114515,0.0358444916676724,-0.357447455006644,-0.120264438301763,-0.301998791739196,0.0240620472597714,-0.329492354050865,0.270652945639804,-0.709400870436717,0.237411436812539,-0.697279595388733,0.200547228110881,-0.500608515345183,0.417208769181518,-0.655962237843565,0.422622874605129,-0.608871510963066,0.443575302542807,-0.113422958653567,0.390226859534567,-0.157275170807028,0.49958956767806,-0.0502610350241444,0.484446402573472,-0.461235260725442,-0.495660978346667,-0.672513757988131,0.125953609767255,0.362435536919763,0.0360133422326007,0.551986215488917,0.121700214029901,0.546794094614472,1,0.0629444869524866,0.278008887872364,0.806279483491467,-0.0414253156564422,0.658758650678606,0.180782080524101,0.599255731949868,0.344718714884107,0.375342540364919,0.157142383637707,0.49216574317476,0.267603931834655,0.272352513355925,0.112539431141278,0.555942777213221,0.114363200998886,0.247983754231474,0.0707388849864657,-0.420806419088462,0.259349341380892,-0.341206679186118,0.480102100099576,-0.179707509054341,0.360102418357185,-0.0123637935603538,0.0441025755087617,-0.01981485851448,0.457621996221539
"oat_ear_emergence_6.13.23",0.283222396199296,-0.101271686050198,0.290535292561288,-0.0521058950975899,0.0557635312480034,0.0387248587790713,0.0675023023923364,0.180018181320277,0.0467417409906176,0.143552819713282,-0.0714880158343865,0.0329885905139497,-0.0442735421712297,-0.274861281569538,-0.0376454575031791,-0.276085354039589,0.00259585433632559,-0.249264145390724,-0.00106445327010432,-0.275550060428044,-0.0925800764205767,-0.182217316908851,-0.0486074500886071,-0.24317179656786,-0.156840026608067,-0.265734393234656,-0.0559900142783047,-0.167551148785673,-0.0222552235934892,-0.251371081575199,-0.00398187395621035,0.117370432480509,-0.0039164524235407,-0.221432732519394,-0.291046679268828,-0.026166384207058,-0.15356866513874,-0.0125002155961931,-0.239004757768864,0.0629444869524866,1,0.0853957388589437,0.131291343447567,0.114537659368668,0.156076438510744,0.602044635823433,0.0860152413249457,0.582737167929753,0.141484453309595,0.499441155559538,0.0260552658836757,0.251373760046132,0.187884167454227,0.246896405592704,-0.1461548700637,0.0885756662045519,-0.111685494482685,0.125656303239753,-0.0953818632154124,0.219402880669059,-0.0729171106931151,-0.324198407160781,0.0676429969295578,-0.201586643652542,0.00829007595567078,-0.103273348146861,0.119939588418308,0.01397082731319
"pea_flowering_6.20.2023",0.0652896774716928,0.218296259026537,0.0153477044551247,0.202444760334617,0.0362408142962388,0.182331114649371,0.529693861125633,0.0233186170754001,0.328745848548875,-0.0818065158659599,0.434784303335025,-0.0648949328620702,-0.215316619774058,-0.118672784718568,-0.188132336856975,-0.141481724394568,-0.26146450164404,-0.162898150424497,-0.366022392476926,-0.0556565107988016,-0.409169099904229,-0.0355469295821917,-0.359186272461968,-0.0384224995482815,0.0137644083245592,-0.0585931393039027,0.213924249412307,0.180098661782709,0.111014828854565,0.142132647576079,0.0259136922089069,-0.0322737789587308,-0.274907871829774,-0.110497816820177,-0.1105999171708,0.165803375605962,0.182665297894962,0.199570812250457,0.216188482033462,0.278008887872364,0.0853957388589437,1,0.260451406199929,-0.0703119099214449,0.258071811418825,-0.038279763606959,0.698623508501684,0.118776855615549,0.793150745815155,0.200021009277448,0.512101039011621,0.0394696225490871,0.410884266192398,0.189626386153342,0.54802540183407,-0.314892211045346,0.569409004670372,-0.163237063595047,0.128526227890281,-0.111051474924597,0.340045163699576,0.0189724514303862,0.295591326194393,-0.140018758731563,0.164109425690334,-0.357009133474454,-0.0240340532602808,-0.076721582602295
"pea_fruit_6.20.2023",0.0497067890206632,0.0813358417685207,0.0185661099125617,0.157279532130655,0.00378107818680661,0.0609947397047015,-0.113981783587051,0.0695886897344242,-0.327129149125389,-0.0891329096071642,-0.328396531272065,-0.035603034581558,-0.291390213679518,0.182857874196173,-0.627614643381627,0.203150374515041,-0.643811847244678,0.133182895031296,-0.432051321440131,0.332906917327881,-0.601751903928425,0.370790035591801,-0.542593304552497,0.37759108442563,-0.0569425523310254,0.349387544933202,-0.137003267963971,0.441333395033759,-0.0414110390525334,0.421290930396165,-0.428735962878289,-0.473724678489867,-0.629769933778618,0.128305559878755,0.329059763916306,0.0524494711122714,0.487091584558367,0.0973254688645132,0.440979830551167,0.806279483491467,0.131291343447567,0.260451406199929,1,0.0520008233568115,0.631769873479052,0.24315475099667,0.559797255793648,0.269129182178271,0.351638011262355,0.160181261194354,0.31717987111282,0.268297997432317,0.310798772208673,0.136388394996425,0.269980798949155,0.199111197113675,0.246397416734324,0.128902891810911,-0.467653146613845,0.393000765203112,-0.134152626063358,0.134262318902306,-0.100986907354069,0.355262076787898,-0.072416505139215,0.133856738209985,0.0694171721711317,0.402336707289388
"oat_ear_emergence_6.20.2023",0.0894677578648347,0.0196276016361654,0.00709450866075739,-0.0510982931948232,-0.0798398267007415,-0.0554229707005584,-0.0228726809759156,-0.105525408536936,-0.00680834410075491,-0.0160578692020093,-0.0132981739255374,0.00126692917218131,-0.131712108135049,-0.173052211559979,-0.0706925353885489,-0.175670744423336,0.000811238150042434,-0.183535006627801,-0.0346169581368912,-0.137562915463908,-0.0222821191456217,-0.142452940768038,-0.02441323707322,-0.140008718177899,0.00183336009517902,-0.0908974315239443,-0.200627477327498,-0.150180565274628,-0.120685721267348,-0.194953646046179,0.0816736612265268,0.0770837386356047,-0.0130406436464147,-0.0838697860475821,-0.0904139928725734,-0.102170605269092,-0.138986819610415,-0.0711011114158157,-0.213353179140082,-0.0414253156564422,0.114537659368668,-0.0703119099214449,0.0520008233568115,1,0.0249406418992125,0.141445587655409,-0.0888606724201911,0.176885000377862,-0.0784857780124578,0.166029873977449,NA,NA,-0.152882713922395,-0.0478700895438334,-0.2530099299974,-0.00289210121850054,-0.0387850962241731,0.0702897441399314,0.135570101083888,0.0827395990539516,0.0972703107480919,-0.193313897006908,-0.268538184236063,0.138641352989543,NA,NA,0.0940813544930093,-0.0655428824698487
"pea_maturity_7.10.23",0.0455601385395558,0.0817993125536472,-0.0636720370242994,0.118549777464667,0.0558568356693411,0.117384350537943,-0.22308046418566,0.0423184360100789,-0.244509336150437,-0.148560103763312,-0.309372865136718,-0.0240138690350217,-0.312497611738267,0.0764997661800996,-0.557457533517854,0.114496011284842,-0.550928552144055,0.115829279137638,-0.410439687442063,0.236727173588312,-0.54628176088286,0.251203756841707,-0.559358605732291,0.307233178040703,-0.152359408140616,0.286998235600325,-0.128753924322245,0.353520015811071,-0.0436912774278357,0.36740192397334,-0.371988535311958,-0.345000434568243,-0.493803134881935,0.0108006627994716,0.244370300392784,0.0304900334517397,0.412760999287327,0.0528193919757779,0.396156741135323,0.658758650678606,0.156076438510744,0.258071811418825,0.631769873479052,0.0249406418992125,1,0.356466360811126,0.542721095677378,0.349819519166957,0.348425296888314,0.181487878219495,0.287008546378059,0.37112160091466,0.215532504690376,0.0692788162552657,0.538384641182838,-0.136072254995137,0.113463129461017,0.158199775035739,-0.376433789296814,0.470782062796886,-0.140213302285007,0.0940386264002273,-0.164743632990586,0.134571651765638,0.138050394300118,0.106529088043892,0.0451538243091251,0.3761364860323
"oat_maturity_7.10.23",0.165794596602681,-0.0412177921729367,0.295503065761092,0.0191206947954048,0.0311293966002312,0.0794498883901277,-0.218372099449102,0.0686590354669892,-0.11660648067027,0.171568763093962,-0.224491510709395,0.0946638091311768,-0.0983798797935458,-0.19105066493467,-0.145625085866423,-0.155006616631503,-0.0594097330134667,-0.184108070877368,-0.0122428211525464,-0.10633941614653,-0.0701944019683088,-0.039188289602865,-0.104765972175898,-0.129032417395582,-0.231108441514064,-0.164569953426414,-0.0949849943266372,-0.0533240849103719,-0.125740482241335,-0.167230972328225,-0.149063492563019,-0.0736437218293944,-0.0543631974843564,-0.184121191699854,-0.167134499204198,-0.0265404482572821,-0.0204380531568721,-0.1328330723916,-0.165140735083899,0.180782080524101,0.602044635823433,-0.038279763606959,0.24315475099667,0.141445587655409,0.356466360811126,1,-0.0375097790303889,0.536965292341819,0.014592786605752,0.518968594154484,0.0744148537612729,0.433641719198134,0.171735256032975,0.18299895392866,-0.252314442126595,0.154380666648009,-0.487056656379134,0.13512245373959,0.0114290865316687,0.31262258726397,0.13718833893148,-0.114521860148919,-0.227460843025562,-0.143379173379456,0.107752109841967,-0.0557155557595497,-0.0365642415095228,0.156992203881947
"pea_maturity_7.19.23",0.102556985522226,0.180511064028492,-0.0655618112251032,0.184142878228726,0.0619929116816996,0.085715945484137,0.158389120713411,0.0210206011397408,-0.0526932138178015,-0.222768160409046,-0.0688044982311471,-0.13141120165364,-0.430066457861786,-0.018321854360224,-0.63791008388107,0.00871359837470604,-0.643406308206063,0.0235154126909346,-0.613574477329,0.110261675590406,-0.758966950126043,0.206456622360336,-0.690869538685701,0.279866298939931,-0.00921956809467769,0.235113550408444,0.05988493676463,0.474246980481602,0.122716881235396,0.472310180776681,-0.214659443519203,-0.260150980242664,-0.624311036608335,0.0682776634481666,0.180947577001152,0.158094843410098,0.506538671316183,0.326012086811655,0.538738934153844,0.599255731949868,0.0860152413249457,0.698623508501684,0.559797255793648,-0.0888606724201911,0.542721095677378,-0.0375097790303889,1,0.363143370141457,0.791698796654619,0.321243742710873,0.56841815454923,0.23705272085782,0.266901904054498,-0.0313117474715888,0.566958814055405,-0.176701010847474,0.294291547879826,0.140544999013259,-0.23453438679295,0.21683417825796,-0.278465272928434,0.360953004342955,0.045030750987027,0.0360516627857039,0.0065464533852798,-0.0272925987178835,0.00315286663779443,0.264611284799541
"oat_maturity_7.19.23",0.25383523071256,-0.0282783163239613,0.12538810482465,0.00575749935550265,0.087976763565386,-0.119929687854946,-0.0813174024761439,0.00741501708315963,-0.075443773018029,-0.0387055390512168,-0.160667962220295,0.0204066318423455,-0.254401012729435,-0.278854517211809,-0.352634235866658,-0.239415943579069,-0.24604721495126,-0.181620092817993,-0.271764385365895,-0.251257372228466,-0.33487830835567,-0.133268593964444,-0.290661325504111,-0.0624784804034238,-0.163976892487095,-0.145871364281688,-0.162476055202511,0.0257550429971752,-0.0108814125896997,-0.0445925711641733,-0.039502420733908,-0.044209452272361,-0.242909110033113,-0.130742248211693,-0.155893614520763,-0.0655891329773727,0.0807330271442847,0.140989637199735,-0.0456278149681745,0.344718714884107,0.582737167929753,0.118776855615549,0.269129182178271,0.176885000377862,0.349819519166957,0.536965292341819,0.363143370141457,1,0.303080582529607,0.623832438516798,0.412492042287172,0.249610833512064,0.0364943384501459,0.150374024004371,-0.0828628447379877,0.0561789230111594,-0.124510781707952,0.309193227502668,-0.122934267638064,0.465080411763505,-0.162750191389657,0.137139695439354,0.0785030670005013,0.0454933717881899,0.075139193594021,-0.00269693103775104,0.137976154663403,0.177702482287527
"pea_maturity_7.25.23",0.0897777861620586,0.137724725904755,0.0208657395208171,0.162762826721807,0.0509993623864482,0.0636061755389588,0.383652756743835,-0.0450750289147916,0.118855314693574,-0.212242381932565,0.218114871433101,-0.149095123105445,-0.332868354465619,-0.171649789179623,-0.378235034682776,-0.164802372578895,-0.427438587591668,-0.186007456042589,-0.460487422002147,-0.0530116692881179,-0.547780206202617,0.0161075571699859,-0.510342595252137,0.0238982533595908,-0.113330009672293,0.000173615368784608,0.103346310480372,0.220932816403455,-0.00345767281896918,0.168331694353074,-0.0615217886498499,-0.109719702405715,-0.370745642818868,-0.114970510500547,-0.0910191246935206,0.0731448980115977,0.254270528272307,0.114753621241396,0.237992960744346,0.375342540364919,0.141484453309595,0.793150745815155,0.351638011262355,-0.0784857780124578,0.348425296888314,0.014592786605752,0.791698796654619,0.303080582529607,1,0.393296071770221,0.422192608785956,0.246218049920907,0.435327760769093,0.0934924071125426,0.583868299581678,-0.284648519682559,0.374371077484992,-0.115427935587749,-0.221312736927711,-0.0448312168947872,-0.306584059606027,0.299440629009239,0.190489559744056,-0.154621345554652,0.0577853869866566,-0.261336019405357,0.0339656303244576,0.0443555452923438
"oat_maturity_7.25.23",0.142973319591691,0.110548861449553,0.0188392188732871,0.00776149003150576,0.042536039024223,-0.0407931758749926,0.151270301368496,0.074211445851739,0.126461523039361,-0.031029543847808,0.0556838386743887,-0.171596268116047,-0.245158200469107,-0.38636988326398,-0.151605782320355,-0.419002810971657,-0.213924170845333,-0.426688989465154,-0.203801140900697,-0.371416560754556,-0.222606112725233,-0.267989611726826,-0.299011847775242,-0.259910602963603,-0.0845594466144213,-0.319108589420301,-0.0343457526136562,-0.0468961986156741,0.0718132270536115,-0.117909954675367,0.0814150880423911,0.0353833416934015,-0.148278317793976,-0.207493829269224,-0.345187786756728,-0.0404848115196559,-0.0139813964250884,0.114392296159345,-0.12201885800877,0.157142383637707,0.499441155559538,0.200021009277448,0.160181261194354,0.166029873977449,0.181487878219495,0.518968594154484,0.321243742710873,0.623832438516798,0.393296071770221,1,0.398355844521194,0.23169026770277,0.248412402809186,0.188257325097259,0.127544117526442,-0.0503659416530812,0.0826979539420297,0.0413630263462309,0.161021647938786,0.180170263918354,-0.135243974955081,-0.0461852780894994,0.24635230323134,-0.404754582646749,0.225611254937056,-0.190990904105932,0.135251272188772,-0.0415819788632229
"pea_biomass_1_6.6.23",0.158767107608831,0.481856022521773,-0.0692144496579603,0.167281350533965,-0.224887573343102,0.0678824505671824,0.218179919666584,0.0251874860876866,0.123227957391249,-0.086195280585693,0.189968785836129,-0.30334702160798,-0.221435240673176,0.206532602641797,-0.343579760837408,-0.00297332420452957,-0.379322816653435,-0.187278818209993,-0.309104942354065,-0.0105830181091272,-0.500967977461303,-0.017859694007384,-0.363351949247988,0.0481743826769114,-0.17577016887143,-0.00823820806093823,0.116366142200898,0.292806734223686,0.344633822576751,0.285478684916712,0.104573023473619,-0.105631571505455,-0.374274032086532,-0.156535602082131,-0.0417240203621154,0.195054236019362,0.224019671820958,0.369380793542126,0.287082055523211,0.49216574317476,0.0260552658836757,0.512101039011621,0.31717987111282,NA,0.287008546378059,0.0744148537612729,0.56841815454923,0.412492042287172,0.422192608785956,0.398355844521194,1,0.249004512849416,NA,NA,NA,NA,NA,NA,NA,NA,-0.041607715983097,0.0457026981184905,NA,NA,-0.535173369599254,-0.230891131703644,-0.0872494121132635,0.231141506761063
"oat_biomass_1_6.6.23",0.445905192413285,0.0441317999325766,-0.0752064232257979,-0.10224688722315,-0.434843104319761,-0.115035343425782,-0.0278738344885369,0.57580048570176,-0.14073375462981,0.358658188153805,0.00325658844165297,0.294434653342772,0.142851176809464,0.312424376641946,-0.0330751834329291,0.259274420571315,0.015320603300386,0.193418409387011,0.109546754978689,0.125702907905965,-0.0767028916868251,0.292787700423664,0.0430592037562722,0.323903828262264,-0.105481715096824,0.119191162104579,0.126498306656817,0.210467121839313,0.300747874280831,0.276083082707919,-0.167231232163057,-0.161861673029699,-0.240558708297223,0.00621141364720704,0.0965397150100772,0.307942146194083,0.25414404733786,0.241946034703461,0.374157344719518,0.267603931834655,0.251373760046132,0.0394696225490871,0.268297997432317,NA,0.37112160091466,0.433641719198134,0.23705272085782,0.249610833512064,0.246218049920907,0.23169026770277,0.249004512849416,1,NA,NA,NA,NA,NA,NA,NA,NA,-0.231346307523965,-0.332656692065898,NA,NA,0.0984456137301945,0.276999075619032,0.283852128365826,0.53444673391867
"pea_biomass_3_6.6.23",-0.501670944991434,-0.266631092143119,0.0115844668955338,0.374893491899426,0.209021421738981,0.539989033029909,0.324734503816381,0.431325960891747,0.273836175126054,0.32016062012486,0.264752202216788,0.306982277118873,-0.154931101189059,0.10260783444747,-0.107819018441974,0.160136794713209,-0.319815070710987,0.131497387039507,-0.212162909601099,0.194028627865917,-0.250358394353518,0.105819017656228,-0.455648644438789,0.00326399712425537,-0.0233673932954517,0.0460862429643961,0.0147175638224734,0.182902138597793,-0.153470506907568,0.0817092795523663,-0.226846843034482,-0.151345558676049,-0.142701709741205,-0.303728306944149,-0.0846887010541614,-0.0404507348150529,0.185471845699938,-0.0825970507187048,0.148392078500371,0.272352513355925,0.187884167454227,0.410884266192398,0.310798772208673,-0.152882713922395,0.215532504690376,0.171735256032975,0.266901904054498,0.0364943384501459,0.435327760769093,0.248412402809186,NA,NA,1,0.401295702731784,NA,NA,NA,NA,-0.115792021827851,-0.115870631152481,NA,NA,0.24128826370846,-0.306182174244463,NA,NA,0.525487141797726,-0.0172621696095088
"oat_biomass_3_6.6.23",-0.411288690509074,-0.0531005896990376,0.100598685028025,0.0287667290112797,0.644169626055341,0.0338227476694922,0.457332418346434,0.649147445605452,0.191955904789977,0.347544138738398,0.18539185726954,0.516701778552747,0.25098555272863,0.28110046994366,0.165790641712411,0.418209080129903,0.203800012708837,0.499278312396745,0.213274594575413,0.143134877484542,0.16357960036601,0.19247575198585,0.239267686793313,0.163890005854692,-0.0034982346630054,-0.165282653431985,-0.213887642831989,-0.152247456432724,0.0444952744230066,-0.0683736707504082,-0.0428686769804159,-0.0219912088455468,0.183500964771287,-0.300715300418873,-0.350035084249454,-0.364370651476013,-0.0938147584007648,-0.0575862727612464,0.0243458093381723,0.112539431141278,0.246896405592704,0.189626386153342,0.136388394996425,-0.0478700895438334,0.0692788162552657,0.18299895392866,-0.0313117474715888,0.150374024004371,0.0934924071125426,0.188257325097259,NA,NA,0.401295702731784,1,NA,NA,NA,NA,-0.217683544441606,-0.0359788491018334,NA,NA,0.536377875797277,-0.196701354036897,NA,NA,0.160392282180998,-0.00782184521490642
"pea_biomass_1_6.21.23",0.358780026746259,0.337620618582963,-0.0524591899706173,0.156726630509457,-0.132594576505995,-0.267519896393228,0.528077338642228,-0.0561405512785271,0.139740243878196,-0.375397771301935,0.162232548597678,-0.216319489340717,-0.453812148051631,0.0197921479996544,-0.494688315942914,-0.142717113670597,-0.524583894161941,-0.168933667149643,-0.57197388634824,0.115462377660891,-0.584156690798825,0.0698843997500394,-0.488903378604016,0.200603386139221,0.040636896509696,0.136883923866396,-0.03036254702072,0.30470029906103,0.139896025250485,0.347569658940781,-0.119770191247085,-0.206457445706153,-0.352561818809107,0.0839325545742999,0.0677898394621541,0.075831816180101,0.271689401771622,0.193294404456468,0.4494929014467,0.555942777213221,-0.1461548700637,0.54802540183407,0.269980798949155,-0.2530099299974,0.538384641182838,-0.252314442126595,0.566958814055405,-0.0828628447379877,0.583868299581678,0.127544117526442,NA,NA,NA,NA,1,-0.172680608365016,NA,NA,NA,NA,-0.125672148933403,0.121947937722484,NA,NA,0.412072444059916,-0.1182469012364,0.152836969971903,0.0326387056974106
"oat_biomass_1_6.21.23",0.413059759826345,0.204664170152509,0.170271502157397,0.050411705504073,-0.439293976448934,-0.133066656937563,-0.118156923287208,0.479553446147124,-0.178881920531252,0.237776699630145,-0.173055159150138,0.09373672262914,0.23671935928667,0.342352257930254,-0.0332536757155333,0.375010662430809,0.11517976475059,0.229247520377082,0.188058659760061,0.327801978082138,0.0982958007363312,0.238239744264165,0.197322198823778,0.209647091918461,0.0703514271581474,0.242515646439099,-0.262357186662298,0.096873413465755,-0.0549085239724487,0.0389031073641059,-0.18496954912982,-0.085836554002505,0.0553591626517785,0.0589995054203226,0.0798517529227913,-0.163559686865884,0.0608680937013012,-0.0882373206522466,-0.00724271164515999,0.114363200998886,0.0885756662045519,-0.314892211045346,0.199111197113675,-0.00289210121850054,-0.136072254995137,0.154380666648009,-0.176701010847474,0.0561789230111594,-0.284648519682559,-0.0503659416530812,NA,NA,NA,NA,-0.172680608365016,1,NA,NA,NA,NA,0.317227768479694,-0.381106534832882,NA,NA,-0.466517142361398,0.0479976681107468,0.140344732140324,0.234351030693075
"pea_biomass_3_6.21.23",-0.27688206805307,-0.0750428275888421,-0.188984772473889,0.192171643067601,-0.250522097682099,0.254682101898249,0.340214358395264,-0.128534852135949,0.403244508804801,0.106907823290113,0.583436288574013,-0.127610774609497,0.136655130363702,-0.0260068889298823,0.107020206671617,-0.147966010816693,-0.0202861296133102,0.0156114178269486,-0.0282195150778114,-0.107834582510073,-0.146890228569962,-0.0839338004798015,-0.160566704516883,-0.0842007695056941,0.110434817988173,-0.146108101536035,0.183496845817367,-0.0609581350347635,-0.157084288548344,-0.137086379069646,-0.0137379015155918,-0.0682539369892217,0.00548965141430472,-0.223811311770926,-0.269824094715859,0.124552341461589,-0.186765909935502,-0.20566621867025,-0.169147142464925,0.247983754231474,-0.111685494482685,0.569409004670372,0.246397416734324,-0.0387850962241731,0.113463129461017,-0.487056656379134,0.294291547879826,-0.124510781707952,0.374371077484992,0.0826979539420297,NA,NA,NA,NA,NA,NA,1,-0.430823751145832,0.145116026039807,-0.101997878904265,NA,NA,0.657624922300154,-0.525815725828091,NA,NA,0.30286956255989,-0.219122393727396
"oat_biomass_3_6.21.23",-0.111000625401035,-0.3915145123031,0.178616949775622,0.0266727706599432,0.74594252113604,0.228665130759294,-0.118422545847967,0.270966645914821,-0.313254428177279,0.0512773236603834,-0.273523341591445,0.452077476945987,-0.123038962613915,0.223847912858177,-0.173560338361658,0.358747120062372,-0.128726167983867,0.202027030411629,0.0100408038481539,0.350435775900942,-0.0479740342006,0.375499559663927,-0.0546130485230471,0.258940713815552,0.1627988794354,0.448643486297415,-0.0996981137763965,0.388777985337278,0.115404186264348,0.447449668895993,-0.15193107354807,-0.106994408035995,-0.266010517240496,0.250917990707702,0.488776964636822,0.105914504393237,0.500312897475816,0.278038652300488,0.500306908626432,0.0707388849864657,0.125656303239753,-0.163237063595047,0.128902891810911,0.0702897441399314,0.158199775035739,0.13512245373959,0.140544999013259,0.309193227502668,-0.115427935587749,0.0413630263462309,NA,NA,NA,NA,NA,NA,-0.430823751145832,1,-0.207535059909314,0.569517502526797,NA,NA,-0.431522797410645,0.729700555140162,NA,NA,-0.175992538401821,0.457508873420606
"pea_biomass_1_7.11.23",-0.0562219733262102,0.566576803261636,-0.142056989112975,-0.019987953102799,-0.0532349249113136,-0.284384852950928,0.579807235645645,0.475143069746783,0.479878397686429,0.367014505637015,0.390212652809394,-0.0480681367350237,0.30913998634205,-0.215406544914757,0.487330772425451,-0.153654091278498,0.2831791237969,-0.213006657041503,0.258225732273231,-0.547803294009993,0.369414919768339,-0.371305960984118,0.168977646353344,-0.283438424640032,0.168948621199655,-0.235774541381652,0.198508946340725,-0.266206085648429,0.0744396127505482,-0.278099075679489,0.401018654080805,0.404447788848545,0.279499771470919,-0.565573359817344,-0.553785926712381,0.171289032850334,-0.415409423816881,0.0800206474328812,-0.291042132928272,-0.420806419088462,-0.0953818632154124,0.128526227890281,-0.467653146613845,0.135570101083888,-0.376433789296814,0.0114290865316687,-0.23453438679295,-0.122934267638064,-0.221312736927711,0.161021647938786,NA,NA,-0.115792021827851,-0.217683544441606,NA,NA,0.145116026039807,-0.207535059909314,1,-0.273501853821134,NA,NA,NA,NA,NA,NA,0.0122770548806358,-0.441940521644717
"oat_biomass_1_7.11.23",0.377190853575585,-0.517226177555824,0.0527452603232954,-0.101259664675558,0.178698404758367,0.269555716091999,-0.328553316548493,0.0451263163182626,-0.23173911383582,-0.0291706758617215,-0.35674244643183,0.172542306177814,-0.10897158786695,0.214479891835014,-0.270564728392625,0.16222225903726,-0.09945805650928,0.0923310726230598,-0.0842083007103547,0.311150519477846,-0.197707803962053,0.305781686439732,0.0108271944723193,0.135590557830143,-0.0345802513763914,0.349782151372324,-0.117361023345856,0.361368972504196,0.0475421407364978,0.198023126438378,-0.302132623549243,-0.340001983648294,-0.270689074107669,0.165552110487649,0.41415772232092,-0.0361239987079739,0.359493292850273,0.0481743531315395,0.252402831298683,0.259349341380892,0.219402880669059,-0.111051474924597,0.393000765203112,0.0827395990539516,0.470782062796886,0.31262258726397,0.21683417825796,0.465080411763505,-0.0448312168947872,0.180170263918354,NA,NA,-0.115870631152481,-0.0359788491018334,NA,NA,-0.101997878904265,0.569517502526797,-0.273501853821134,1,NA,NA,NA,NA,NA,NA,0.00752048835032157,0.427886983580815
"pea_biomass_3_7.11.23",-0.474652306669398,0.0284825891905506,0.315364818563837,-0.00632841029219351,0.11544085720118,0.310116454992232,0.579027043303828,-0.0263969014750263,0.648937677285898,-0.0167704101883601,0.622875128048221,-0.080472329448998,-0.280381719578071,-0.144328903234983,0.252812215793243,-0.478334337010667,0.268962563289243,-0.509652956370245,-0.0524421717116621,-0.064420983955005,0.271904844500149,-0.501919862814398,0.134430514302451,-0.505483421916374,0.0202092051095376,-0.305787753570643,0.123684008352862,-0.273912587626019,-0.0144459786429039,-0.318209712120408,0.47676817747493,0.485561197055473,0.328423170257205,-0.0573706601901123,-0.338273790074609,-0.0374153193565074,-0.358673983406283,0.0456731306071794,-0.404879167991883,-0.341206679186118,-0.0729171106931151,0.340045163699576,-0.134152626063358,0.0972703107480919,-0.140213302285007,0.13718833893148,-0.278465272928434,-0.162750191389657,-0.306584059606027,-0.135243974955081,-0.041607715983097,-0.231346307523965,NA,NA,-0.125672148933403,0.317227768479694,NA,NA,NA,NA,1,-0.368130583470023,NA,NA,NA,NA,-0.221560595243609,-0.387364119009475
"oat_biomass_3_7.11.23",-0.0593257045982898,0.0208324100063104,-0.324671275806211,0.231136823922922,0.507297950547333,-0.117031553179234,-0.209822750987054,-0.0789594551422735,-0.518869257466555,0.221475901957602,-0.549439629120642,0.411522429826277,0.0752456190441909,0.36529489067631,-0.529977399999332,0.571646719114003,-0.560549870755677,0.551078867036662,-0.125971321080799,0.442275434695734,-0.426877243229003,0.550767803859174,-0.480821915346209,0.625889392784427,-0.0535876446563852,0.506216214166589,-0.143311178482072,0.536806987172678,-0.190581171222802,0.481189660620762,-0.356041609955077,-0.423288405486348,-0.514606051507227,0.353323606240607,0.489589716583505,0.0183739666216331,0.546572432554185,0.0268324252179013,0.469335083089581,0.480102100099576,-0.324198407160781,0.0189724514303862,0.134262318902306,-0.193313897006908,0.0940386264002273,-0.114521860148919,0.360953004342955,0.137139695439354,0.299440629009239,-0.0461852780894994,0.0457026981184905,-0.332656692065898,NA,NA,0.121947937722484,-0.381106534832882,NA,NA,NA,NA,-0.368130583470023,1,NA,NA,NA,NA,-0.0241492018733653,0.416405747567151
"pea_biomass_1_8.2.23",0.127551763788412,-0.03499850097256,0.135464175806652,-0.218765624321148,0.158344848310034,-0.201269753296597,0.539611751268569,-0.00336384253704207,0.504093694648493,0.179177569335811,0.462064880334738,0.16983387453344,0.0705043672546893,-0.468390128077936,0.194460049832009,-0.424147341964349,-0.0101082858971544,-0.0750617303677635,-0.0994287624796887,-0.502322514499222,-0.122897231614078,-0.491557755423365,-0.0799656457325366,-0.470496832691314,-0.290166446785754,-0.472533741243138,-0.0383587592003542,-0.358600084374471,-0.245610847500639,-0.309196547773991,0.48465103375914,0.48282030691795,0.416591406730957,-0.425706952860891,-0.518218946701079,-0.222939858196597,-0.368639200198518,-0.250468596923862,-0.340669001423948,-0.179707509054341,0.0676429969295578,0.295591326194393,-0.100986907354069,-0.268538184236063,-0.164743632990586,-0.227460843025562,0.045030750987027,0.0785030670005013,0.190489559744056,0.24635230323134,NA,NA,0.24128826370846,0.536377875797277,NA,NA,0.657624922300154,-0.431522797410645,NA,NA,NA,NA,1,-0.442395430933067,NA,NA,0.345944523974748,-0.32276272505237
"oat_biomass_1_8.2.23",-0.151567137380517,-0.157169304164845,0.00137698828898223,0.106999326324693,0.0452049020817461,0.137538309182734,-0.242032853115052,0.365837616814368,-0.454802842492296,0.325483576534152,-0.475665001027279,0.266787075585457,-0.0959207901677193,0.622128925051418,-0.22593336474543,0.64171223713407,-0.234264815941344,0.423713010511382,-0.186927476300953,0.612639262245353,-0.090770389639485,0.624471983070307,-0.115413619626857,0.547055367943903,0.147347705255,0.59760729506129,0.017832457514709,0.573423558645591,0.226993537680738,0.59634456052027,-0.464893181973196,-0.38655576061244,-0.50225972071826,0.3187913342791,0.59858010871472,0.343709035820982,0.571598082714527,0.476004311539497,0.567226049571751,0.360102418357185,-0.201586643652542,-0.140018758731563,0.355262076787898,0.138641352989543,0.134571651765638,-0.143379173379456,0.0360516627857039,0.0454933717881899,-0.154621345554652,-0.404754582646749,NA,NA,-0.306182174244463,-0.196701354036897,NA,NA,-0.525815725828091,0.729700555140162,NA,NA,NA,NA,-0.442395430933067,1,NA,NA,-0.0587722043930497,0.61346371074992
"pea_biomass_3_8.2.23",-0.126524737253343,-0.176877589845083,-0.257183386830943,0.403083966486707,-0.0277493219834219,0.269712286289305,0.0443893398634285,0.0840434132299987,0.306992024465828,0.0288654170381382,0.491510058011806,0.135433534630964,-0.194510454292109,-0.364976032370869,0.136377393989643,-0.379432934874379,0.157663750684447,-0.263371383759994,-0.184853903781357,-0.310378223224254,-0.0449332750327648,-0.293232619897379,-0.0615983782450643,-0.262701368523087,0.0988440003837008,-0.374836657360952,0.119567751016135,-0.25133802254902,0.267474253953337,-0.158206732939167,-0.0090969765725837,0.146032906871876,0.0214628385381869,-0.100906585214444,-0.13147594626193,-0.0566099529115809,-0.122936876768082,0.224233624530147,-0.13837084778059,-0.0123637935603538,0.00829007595567078,0.164109425690334,-0.072416505139215,NA,0.138050394300118,0.107752109841967,0.0065464533852798,0.075139193594021,0.0577853869866566,0.225611254937056,-0.535173369599254,0.0984456137301945,NA,NA,0.412072444059916,-0.466517142361398,NA,NA,NA,NA,NA,NA,NA,NA,1,-0.170383756565786,0.306876855679892,-0.169741631240473
"oat_biomass_3_8.2.23",-0.276288190952149,0.33127814585684,-0.047663214361338,-0.230995859472847,0.0993051387884503,-0.366377396880387,-0.49941298638343,0.140812335421264,-0.586813064594111,0.100700353641459,-0.443897301225492,0.191645775094971,0.103170507343181,0.36623757901866,-0.156645656317971,0.46897106860068,0.0375270592808644,0.67597176291852,0.312116040217288,0.40797256872635,0.0577296980067467,0.590460003146189,0.200369131533324,0.7963498936622,0.253077824334075,0.555672579622136,0.113808295744316,0.612394935703589,0.321119418728649,0.659789956760221,-0.436178103844522,-0.486215060676894,-0.303140116951279,0.350816127890285,0.522348196546496,0.308557702426599,0.545214487736325,0.276260663037235,0.60988066595859,0.0441025755087617,-0.103273348146861,-0.357009133474454,0.133856738209985,NA,0.106529088043892,-0.0557155557595497,-0.0272925987178835,-0.00269693103775104,-0.261336019405357,-0.190990904105932,-0.230891131703644,0.276999075619032,NA,NA,-0.1182469012364,0.0479976681107468,NA,NA,NA,NA,NA,NA,NA,NA,-0.170383756565786,1,-0.0417419710803595,0.558452073248169
"pea_grain_g_8.9.23",0.0529216327213892,-0.210208242562582,-0.195137177247947,0.192169796760463,-0.127734576109596,-0.00743822215093515,-0.0549511592702764,-0.0516832586508332,0.104645593872136,0.00473207487639746,0.163923444042114,-0.0411787164610603,0.0615551828774594,-0.0888720196424605,0.0669042772425198,-0.0578056308548034,0.0498739368068179,-0.0223461342551692,-0.0625086089570296,-0.0770551603835799,-0.0115778750652821,-0.00207889706445006,-0.0286922244896418,-0.0805845060285537,0.126297771384415,0.0195565259263846,0.137116055825063,-0.0302577180982372,0.124200554395467,-0.0856566846943334,-0.148419497166172,-0.00279156792430747,-0.143812791097669,0.0586264371674359,-0.02378335212993,0.216403169341094,0.00950067912728948,0.174286562241804,-0.0872114076161747,-0.01981485851448,0.119939588418308,-0.0240340532602808,0.0694171721711317,0.0940813544930093,0.0451538243091251,-0.0365642415095228,0.00315286663779443,0.137976154663403,0.0339656303244576,0.135251272188772,-0.0872494121132635,0.283852128365826,0.525487141797726,0.160392282180998,0.152836969971903,0.140344732140324,0.30286956255989,-0.175992538401821,0.0122770548806358,0.00752048835032157,-0.221560595243609,-0.0241492018733653,0.345944523974748,-0.0587722043930497,0.306876855679892,-0.0417419710803595,1,-0.097024898824569
"oat_grain_g_8.9.23",-0.014936485022576,-0.0214600903251239,0.262373594239348,-0.146855583564765,0.145029911238291,-0.0512553128980974,-0.402585360471133,0.137345147903355,-0.507324461737002,0.00854810514763309,-0.413421230753969,0.228199697418715,-0.0704411276214078,0.409625452134145,-0.407179992782217,0.530631275684842,-0.305736333475017,0.538303394237334,-0.0845075387363706,0.493536547150874,-0.307193714312217,0.64669716766876,-0.226670561725898,0.612458110193916,0.073277084157565,0.57836141684664,0.0758740752106914,0.661434225201123,0.200484689693816,0.629876233762058,-0.512086321452007,-0.465732396476013,-0.543424044004848,0.26794117222869,0.549286215824034,0.298040790229549,0.673786127212971,0.343068630655895,0.635356750137879,0.457621996221539,0.01397082731319,-0.076721582602295,0.402336707289388,-0.0655428824698487,0.3761364860323,0.156992203881947,0.264611284799541,0.177702482287527,0.0443555452923438,-0.0415819788632229,0.231141506761063,0.53444673391867,-0.0172621696095088,-0.00782184521490642,0.0326387056974106,0.234351030693075,-0.219122393727396,0.457508873420606,-0.441940521644717,0.427886983580815,-0.387364119009475,0.416405747567151,-0.32276272505237,0.61346371074992,-0.169741631240473,0.558452073248169,-0.097024898824569,1
